{
  "ezweb" : {
    "1" : {
      "ezweb" : "1",
      "docomo" : "1044",
      "softbank" : "282"
    },
    "2" : {
      "ezweb" : "2",
      "docomo" : "158",
      "softbank" : "33"
    },
    "3" : {
      "ezweb" : "3",
      "docomo" : "\uff1f",
      "softbank" : "32"
    },
    "4" : {
      "ezweb" : "4",
      "docomo" : "124",
      "softbank" : "[Q]"
    },
    "5" : {
      "ezweb" : "5",
      "docomo" : "<",
      "softbank" : "259"
    },
    "6" : {
      "ezweb" : "6",
      "docomo" : ">",
      "softbank" : "258"
    },
    "7" : {
      "ezweb" : "7",
      "docomo" : "<<",
      "softbank" : "261"
    },
    "8" : {
      "ezweb" : "8",
      "docomo" : ">>",
      "softbank" : "260"
    },
    "9" : {
      "ezweb" : "9",
      "docomo" : "\u25a0",
      "softbank" : "227"
    },
    "10" : {
      "ezweb" : "10",
      "docomo" : "\u25a0",
      "softbank" : "226"
    },
    "11" : {
      "ezweb" : "11",
      "docomo" : "[i]",
      "softbank" : "[i]"
    },
    "12" : {
      "ezweb" : "12",
      "docomo" : "1075",
      "softbank" : "68"
    },
    "13" : {
      "ezweb" : "13",
      "docomo" : "[\u30b9\u30d4\u30fc\u30ab]",
      "softbank" : "165"
    },
    "14" : {
      "ezweb" : "14",
      "docomo" : "1010",
      "softbank" : "147"
    },
    "15" : {
      "ezweb" : "15",
      "docomo" : "98",
      "softbank" : "76"
    },
    "16" : {
      "ezweb" : "16",
      "docomo" : "5",
      "softbank" : "161"
    },
    "17" : {
      "ezweb" : "17",
      "docomo" : "\u25a0",
      "softbank" : "227"
    },
    "18" : {
      "ezweb" : "18",
      "docomo" : "\u25a0",
      "softbank" : "226"
    },
    "19" : {
      "ezweb" : "19",
      "docomo" : "\u25c6",
      "softbank" : "227"
    },
    "20" : {
      "ezweb" : "20",
      "docomo" : "\u25c6",
      "softbank" : "227"
    },
    "21" : {
      "ezweb" : "21",
      "docomo" : "\u25a0",
      "softbank" : "227"
    },
    "22" : {
      "ezweb" : "22",
      "docomo" : "\u25a0",
      "softbank" : "226"
    },
    "23" : {
      "ezweb" : "23",
      "docomo" : "95",
      "softbank" : "225"
    },
    "24" : {
      "ezweb" : "24",
      "docomo" : "95",
      "softbank" : "225"
    },
    "25" : {
      "ezweb" : "25",
      "docomo" : "1020",
      "softbank" : "[\u8155\u6642\u8a08]"
    },
    "26" : {
      "ezweb" : "26",
      "docomo" : "\uff0b",
      "softbank" : "\uff0b"
    },
    "27" : {
      "ezweb" : "27",
      "docomo" : "\uff0d",
      "softbank" : "\uff0d"
    },
    "28" : {
      "ezweb" : "28",
      "docomo" : "\uff0a",
      "softbank" : "\uff0a"
    },
    "29" : {
      "ezweb" : "29",
      "docomo" : "\u2191",
      "softbank" : "250"
    },
    "30" : {
      "ezweb" : "30",
      "docomo" : "\u2193",
      "softbank" : "251"
    },
    "31" : {
      "ezweb" : "31",
      "docomo" : "1045",
      "softbank" : "[\u7981\u6b62]"
    },
    "32" : {
      "ezweb" : "32",
      "docomo" : "\u25bc",
      "softbank" : "\u25bc"
    },
    "33" : {
      "ezweb" : "33",
      "docomo" : "\u25b2",
      "softbank" : "\u25b2"
    },
    "34" : {
      "ezweb" : "34",
      "docomo" : "\u25bc",
      "softbank" : "\u25bc"
    },
    "35" : {
      "ezweb" : "35",
      "docomo" : "\u25b2",
      "softbank" : "\u25b2"
    },
    "36" : {
      "ezweb" : "36",
      "docomo" : "\u25c6",
      "softbank" : "227"
    },
    "37" : {
      "ezweb" : "37",
      "docomo" : "\u25c6",
      "softbank" : "227"
    },
    "38" : {
      "ezweb" : "38",
      "docomo" : "\u25a0",
      "softbank" : "227"
    },
    "39" : {
      "ezweb" : "39",
      "docomo" : "\u25a0",
      "softbank" : "226"
    },
    "40" : {
      "ezweb" : "40",
      "docomo" : "95",
      "softbank" : "225"
    },
    "41" : {
      "ezweb" : "41",
      "docomo" : "95",
      "softbank" : "225"
    },
    "42" : {
      "ezweb" : "42",
      "docomo" : "90",
      "softbank" : "255"
    },
    "43" : {
      "ezweb" : "43",
      "docomo" : "89",
      "softbank" : "256"
    },
    "44" : {
      "ezweb" : "44",
      "docomo" : "1",
      "softbank" : "74"
    },
    "45" : {
      "ezweb" : "45",
      "docomo" : "22",
      "softbank" : "22"
    },
    "46" : {
      "ezweb" : "46",
      "docomo" : "176",
      "softbank" : "45"
    },
    "47" : {
      "ezweb" : "47",
      "docomo" : "97",
      "softbank" : "76"
    },
    "48" : {
      "ezweb" : "48",
      "docomo" : "1008",
      "softbank" : "337"
    },
    "49" : {
      "ezweb" : "49",
      "docomo" : "\u03c6",
      "softbank" : "\u03c6"
    },
    "50" : {
      "ezweb" : "50",
      "docomo" : "140",
      "softbank" : "2"
    },
    "51" : {
      "ezweb" : "51",
      "docomo" : "136",
      "softbank" : "34"
    },
    "52" : {
      "ezweb" : "52",
      "docomo" : "52",
      "softbank" : "68"
    },
    "53" : {
      "ezweb" : "53",
      "docomo" : "1054",
      "softbank" : "116"
    },
    "54" : {
      "ezweb" : "54",
      "docomo" : "1039",
      "softbank" : "555"
    },
    "55" : {
      "ezweb" : "55",
      "docomo" : "\u00d7",
      "softbank" : "351"
    },
    "56" : {
      "ezweb" : "56",
      "docomo" : "76",
      "softbank" : "301"
    },
    "57" : {
      "ezweb" : "57",
      "docomo" : "1017",
      "softbank" : "[\u7802\u6642\u8a08]"
    },
    "58" : {
      "ezweb" : "58",
      "docomo" : "1017",
      "softbank" : "[\u7802\u6642\u8a08]"
    },
    "59" : {
      "ezweb" : "59",
      "docomo" : "[\u30d5\u30ed\u30c3\u30d4\u30fc]",
      "softbank" : "322"
    },
    "60" : {
      "ezweb" : "60",
      "docomo" : "[\u96ea\u7d50\u6676]",
      "softbank" : "[\u96ea\u7d50\u6676]"
    },
    "61" : {
      "ezweb" : "61",
      "docomo" : "\u00d7",
      "softbank" : "351"
    },
    "62" : {
      "ezweb" : "62",
      "docomo" : "\u00d7",
      "softbank" : "351"
    },
    "63" : {
      "ezweb" : "63",
      "docomo" : "\u2192",
      "softbank" : "252"
    },
    "64" : {
      "ezweb" : "64",
      "docomo" : "\u2190",
      "softbank" : "253"
    },
    "65" : {
      "ezweb" : "65",
      "docomo" : "53",
      "softbank" : "71"
    },
    "66" : {
      "ezweb" : "66",
      "docomo" : "\u00f7",
      "softbank" : "\u00f7"
    },
    "67" : {
      "ezweb" : "67",
      "docomo" : "[\u30ab\u30ec\u30f3\u30c0\u30fc]",
      "softbank" : "[\u30ab\u30ec\u30f3\u30c0\u30fc]"
    },
    "68" : {
      "ezweb" : "68",
      "docomo" : "140",
      "softbank" : "86"
    },
    "69" : {
      "ezweb" : "69",
      "docomo" : "\u2606",
      "softbank" : "347"
    },
    "70" : {
      "ezweb" : "70",
      "docomo" : "59",
      "softbank" : "254"
    },
    "71" : {
      "ezweb" : "71",
      "docomo" : "104",
      "softbank" : "257"
    },
    "72" : {
      "ezweb" : "72",
      "docomo" : "1016",
      "softbank" : "52"
    },
    "73" : {
      "ezweb" : "73",
      "docomo" : "[\u30c1\u30a7\u30c3\u30af\u30de\u30fc\u30af]",
      "softbank" : "[\u30c1\u30a7\u30c3\u30af\u30de\u30fc\u30af]"
    },
    "74" : {
      "ezweb" : "74",
      "docomo" : "100",
      "softbank" : "82"
    },
    "75" : {
      "ezweb" : "75",
      "docomo" : "\u2606\u5f61",
      "softbank" : "\u2606\u5f61"
    },
    "76" : {
      "ezweb" : "76",
      "docomo" : "150",
      "softbank" : "346"
    },
    "77" : {
      "ezweb" : "77",
      "docomo" : "151",
      "softbank" : "115"
    },
    "78" : {
      "ezweb" : "78",
      "docomo" : "1068",
      "softbank" : "535"
    },
    "79" : {
      "ezweb" : "79",
      "docomo" : "[\u30d5\u30a9\u30eb\u30c0]",
      "softbank" : "[\u30d5\u30a9\u30eb\u30c0]"
    },
    "80" : {
      "ezweb" : "80",
      "docomo" : "140",
      "softbank" : "1"
    },
    "81" : {
      "ezweb" : "81",
      "docomo" : "1038",
      "softbank" : "278"
    },
    "82" : {
      "ezweb" : "82",
      "docomo" : "1043",
      "softbank" : "279"
    },
    "83" : {
      "ezweb" : "83",
      "docomo" : "69",
      "softbank" : "335"
    },
    "84" : {
      "ezweb" : "84",
      "docomo" : "[\u30d5\u30a9\u30eb\u30c0]",
      "softbank" : "[\u30d5\u30a9\u30eb\u30c0]"
    },
    "85" : {
      "ezweb" : "85",
      "docomo" : "74",
      "softbank" : "9"
    },
    "86" : {
      "ezweb" : "86",
      "docomo" : "[\u30d5\u30ad\u30c0\u30b7]",
      "softbank" : "[\u30d5\u30ad\u30c0\u30b7]"
    },
    "87" : {
      "ezweb" : "87",
      "docomo" : "[\u30ab\u30fc\u30c9]",
      "softbank" : "[\u30ab\u30fc\u30c9]"
    },
    "88" : {
      "ezweb" : "88",
      "docomo" : "\u25b2",
      "softbank" : "\u25b2"
    },
    "89" : {
      "ezweb" : "89",
      "docomo" : "\u25bc",
      "softbank" : "\u25bc"
    },
    "90" : {
      "ezweb" : "90",
      "docomo" : "[USA]",
      "softbank" : "512"
    },
    "91" : {
      "ezweb" : "91",
      "docomo" : "70",
      "softbank" : "172"
    },
    "92" : {
      "ezweb" : "92",
      "docomo" : "76",
      "softbank" : "301"
    },
    "93" : {
      "ezweb" : "93",
      "docomo" : "51",
      "softbank" : "69"
    },
    "94" : {
      "ezweb" : "94",
      "docomo" : "68",
      "softbank" : "8"
    },
    "95" : {
      "ezweb" : "95",
      "docomo" : "3",
      "softbank" : "75"
    },
    "96" : {
      "ezweb" : "96",
      "docomo" : "[\u30d5\u30c3\u30c8\u30dc\u30fc\u30eb]",
      "softbank" : "443"
    },
    "97" : {
      "ezweb" : "97",
      "docomo" : "70",
      "softbank" : "172"
    },
    "98" : {
      "ezweb" : "98",
      "docomo" : "1036",
      "softbank" : "155"
    },
    "99" : {
      "ezweb" : "99",
      "docomo" : "48",
      "softbank" : "178"
    },
    "100" : {
      "ezweb" : "100",
      "docomo" : "70",
      "softbank" : "172"
    },
    "101" : {
      "ezweb" : "101",
      "docomo" : "70",
      "softbank" : "172"
    },
    "102" : {
      "ezweb" : "102",
      "docomo" : "70",
      "softbank" : "172"
    },
    "103" : {
      "ezweb" : "103",
      "docomo" : "76",
      "softbank" : "301"
    },
    "104" : {
      "ezweb" : "104",
      "docomo" : "56",
      "softbank" : "319"
    },
    "105" : {
      "ezweb" : "105",
      "docomo" : "[\u30ab\u30ec\u30f3\u30c0\u30fc]",
      "softbank" : "[\u30ab\u30ec\u30f3\u30c0\u30fc]"
    },
    "106" : {
      "ezweb" : "106",
      "docomo" : "65",
      "softbank" : "137"
    },
    "107" : {
      "ezweb" : "107",
      "docomo" : "2",
      "softbank" : "73"
    },
    "108" : {
      "ezweb" : "108",
      "docomo" : "110",
      "softbank" : "103"
    },
    "109" : {
      "ezweb" : "109",
      "docomo" : "113",
      "softbank" : "\uffe5"
    },
    "110" : {
      "ezweb" : "110",
      "docomo" : "58",
      "softbank" : "61"
    },
    "111" : {
      "ezweb" : "111",
      "docomo" : "58",
      "softbank" : "61"
    },
    "112" : {
      "ezweb" : "112",
      "docomo" : "38",
      "softbank" : "54"
    },
    "113" : {
      "ezweb" : "113",
      "docomo" : "1056",
      "softbank" : "304"
    },
    "114" : {
      "ezweb" : "114",
      "docomo" : "[\u5305\u4e01]",
      "softbank" : "[\u5305\u4e01]"
    },
    "115" : {
      "ezweb" : "115",
      "docomo" : "[\u30d3\u30c7\u30aa]",
      "softbank" : "141"
    },
    "116" : {
      "ezweb" : "116",
      "docomo" : "93",
      "softbank" : "[\u30e1\u30ac\u30cd]"
    },
    "117" : {
      "ezweb" : "117",
      "docomo" : "\u2514\u2192",
      "softbank" : "\u2514\u2192"
    },
    "118" : {
      "ezweb" : "118",
      "docomo" : "117",
      "softbank" : "\u2190\u2518"
    },
    "119" : {
      "ezweb" : "119",
      "docomo" : "119",
      "softbank" : "120"
    },
    "120" : {
      "ezweb" : "120",
      "docomo" : "116",
      "softbank" : "63"
    },
    "121" : {
      "ezweb" : "121",
      "docomo" : "70",
      "softbank" : "172"
    },
    "122" : {
      "ezweb" : "122",
      "docomo" : "70",
      "softbank" : "172"
    },
    "123" : {
      "ezweb" : "123",
      "docomo" : "[\u30cd\u30b8]",
      "softbank" : "[\u30cd\u30b8]"
    },
    "124" : {
      "ezweb" : "124",
      "docomo" : "55",
      "softbank" : "162"
    },
    "125" : {
      "ezweb" : "125",
      "docomo" : "33",
      "softbank" : "27"
    },
    "126" : {
      "ezweb" : "126",
      "docomo" : "[\u30d5\u30ed\u30c3\u30d4\u30fc]",
      "softbank" : "322"
    },
    "127" : {
      "ezweb" : "127",
      "docomo" : "[\u30b0\u30e9\u30d5]",
      "softbank" : "174"
    },
    "128" : {
      "ezweb" : "128",
      "docomo" : "[\u30b0\u30e9\u30d5]",
      "softbank" : "174"
    },
    "129" : {
      "ezweb" : "129",
      "docomo" : "40",
      "softbank" : "101"
    },
    "130" : {
      "ezweb" : "130",
      "docomo" : "151",
      "softbank" : "[\u61d0\u4e2d\u96fb\u706f]"
    },
    "131" : {
      "ezweb" : "131",
      "docomo" : "70",
      "softbank" : "172"
    },
    "132" : {
      "ezweb" : "132",
      "docomo" : "[\u30c1\u30a7\u30c3\u30af\u30de\u30fc\u30af]",
      "softbank" : "[\u30c1\u30a7\u30c3\u30af\u30de\u30fc\u30af]"
    },
    "133" : {
      "ezweb" : "133",
      "docomo" : "1060",
      "softbank" : "124"
    },
    "134" : {
      "ezweb" : "134",
      "docomo" : "100",
      "softbank" : "82"
    },
    "135" : {
      "ezweb" : "135",
      "docomo" : "[\u96fb\u6c60]",
      "softbank" : "[\u96fb\u6c60]"
    },
    "136" : {
      "ezweb" : "136",
      "docomo" : "166",
      "softbank" : "[\u30b9\u30af\u30ed\u30fc\u30eb]"
    },
    "137" : {
      "ezweb" : "137",
      "docomo" : "[\u753b\u3073\u3087\u3046]",
      "softbank" : "[\u753b\u3073\u3087\u3046]"
    },
    "138" : {
      "ezweb" : "138",
      "docomo" : "116",
      "softbank" : "168"
    },
    "139" : {
      "ezweb" : "139",
      "docomo" : "1010",
      "softbank" : "147"
    },
    "140" : {
      "ezweb" : "140",
      "docomo" : "\u2190",
      "softbank" : "248"
    },
    "141" : {
      "ezweb" : "141",
      "docomo" : "\u2192",
      "softbank" : "249"
    },
    "142" : {
      "ezweb" : "142",
      "docomo" : "70",
      "softbank" : "172"
    },
    "143" : {
      "ezweb" : "143",
      "docomo" : "1037",
      "softbank" : "[\u30af\u30ea\u30c3\u30d7]"
    },
    "144" : {
      "ezweb" : "144",
      "docomo" : "72",
      "softbank" : "118"
    },
    "145" : {
      "ezweb" : "145",
      "docomo" : "[\u540d\u672d]",
      "softbank" : "[\u540d\u672d]"
    },
    "146" : {
      "ezweb" : "146",
      "docomo" : "50",
      "softbank" : "67"
    },
    "147" : {
      "ezweb" : "147",
      "docomo" : "70",
      "softbank" : "172"
    },
    "148" : {
      "ezweb" : "148",
      "docomo" : "[\u30c8\u30e9\u30c3\u30af]",
      "softbank" : "447"
    },
    "149" : {
      "ezweb" : "149",
      "docomo" : "1014",
      "softbank" : "301"
    },
    "150" : {
      "ezweb" : "150",
      "docomo" : "[PDC]",
      "softbank" : "[PDC]"
    },
    "151" : {
      "ezweb" : "151",
      "docomo" : "106",
      "softbank" : "103"
    },
    "152" : {
      "ezweb" : "152",
      "docomo" : "1013",
      "softbank" : "[\u30ec\u30f3\u30c1]"
    },
    "153" : {
      "ezweb" : "153",
      "docomo" : "[\u9001\u4fe1BOX]",
      "softbank" : "[\u9001\u4fe1BOX]"
    },
    "154" : {
      "ezweb" : "154",
      "docomo" : "[\u53d7\u4fe1BOX]",
      "softbank" : "[\u53d7\u4fe1BOX]"
    },
    "155" : {
      "ezweb" : "155",
      "docomo" : "74",
      "softbank" : "9"
    },
    "156" : {
      "ezweb" : "156",
      "docomo" : "39",
      "softbank" : "56"
    },
    "157" : {
      "ezweb" : "157",
      "docomo" : "[\u5b9a\u898f]",
      "softbank" : "[\u5b9a\u898f]"
    },
    "158" : {
      "ezweb" : "158",
      "docomo" : "[\u4e09\u89d2\u5b9a\u898f]",
      "softbank" : "[\u4e09\u89d2\u5b9a\u898f]"
    },
    "159" : {
      "ezweb" : "159",
      "docomo" : "[\u30b0\u30e9\u30d5]",
      "softbank" : "[\u30b0\u30e9\u30d5]"
    },
    "160" : {
      "ezweb" : "160",
      "docomo" : "[\u8089]",
      "softbank" : "[\u8089]"
    },
    "161" : {
      "ezweb" : "161",
      "docomo" : "75",
      "softbank" : "10"
    },
    "162" : {
      "ezweb" : "162",
      "docomo" : "[\u30b3\u30f3\u30bb\u30f3\u30c8]",
      "softbank" : "[\u30b3\u30f3\u30bb\u30f3\u30c8]"
    },
    "163" : {
      "ezweb" : "163",
      "docomo" : "[\u5bb6\u65cf]",
      "softbank" : "[\u5bb6\u65cf]"
    },
    "164" : {
      "ezweb" : "164",
      "docomo" : "[\u30ea\u30f3\u30af]",
      "softbank" : "[\u30ea\u30f3\u30af]"
    },
    "165" : {
      "ezweb" : "165",
      "docomo" : "72",
      "softbank" : "118"
    },
    "166" : {
      "ezweb" : "166",
      "docomo" : "107",
      "softbank" : "11"
    },
    "167" : {
      "ezweb" : "167",
      "docomo" : "1;2",
      "softbank" : "74;73"
    },
    "168" : {
      "ezweb" : "168",
      "docomo" : "37",
      "softbank" : "29"
    },
    "169" : {
      "ezweb" : "169",
      "docomo" : "102",
      "softbank" : "28"
    },
    "170" : {
      "ezweb" : "170",
      "docomo" : "[\u30b5\u30a4\u30b3\u30ed]",
      "softbank" : "[\u30b5\u30a4\u30b3\u30ed]"
    },
    "171" : {
      "ezweb" : "171",
      "docomo" : "[\u65b0\u805e]",
      "softbank" : "[\u65b0\u805e]"
    },
    "172" : {
      "ezweb" : "172",
      "docomo" : "30",
      "softbank" : "30"
    },
    "173" : {
      "ezweb" : "173",
      "docomo" : "\u3000",
      "softbank" : "\u3000"
    },
    "174" : {
      "ezweb" : "174",
      "docomo" : "",
      "softbank" : ""
    },
    "175" : {
      "ezweb" : "175",
      "docomo" : "",
      "softbank" : ""
    },
    "176" : {
      "ezweb" : "176",
      "docomo" : "66",
      "softbank" : "314"
    },
    "177" : {
      "ezweb" : "177",
      "docomo" : "67",
      "softbank" : "208"
    },
    "178" : {
      "ezweb" : "178",
      "docomo" : "94",
      "softbank" : "210"
    },
    "179" : {
      "ezweb" : "179",
      "docomo" : "[\u82e5\u8449\u30de\u30fc\u30af]",
      "softbank" : "209"
    },
    "180" : {
      "ezweb" : "180",
      "docomo" : "125",
      "softbank" : "228"
    },
    "181" : {
      "ezweb" : "181",
      "docomo" : "126",
      "softbank" : "229"
    },
    "182" : {
      "ezweb" : "182",
      "docomo" : "127",
      "softbank" : "230"
    },
    "183" : {
      "ezweb" : "183",
      "docomo" : "128",
      "softbank" : "231"
    },
    "184" : {
      "ezweb" : "184",
      "docomo" : "129",
      "softbank" : "232"
    },
    "185" : {
      "ezweb" : "185",
      "docomo" : "130",
      "softbank" : "233"
    },
    "186" : {
      "ezweb" : "186",
      "docomo" : "131",
      "softbank" : "234"
    },
    "187" : {
      "ezweb" : "187",
      "docomo" : "132",
      "softbank" : "235"
    },
    "188" : {
      "ezweb" : "188",
      "docomo" : "133",
      "softbank" : "236"
    },
    "189" : {
      "ezweb" : "189",
      "docomo" : "[10]",
      "softbank" : "[10]"
    },
    "190" : {
      "ezweb" : "190",
      "docomo" : "6",
      "softbank" : "467"
    },
    "191" : {
      "ezweb" : "191",
      "docomo" : "4",
      "softbank" : "72"
    },
    "192" : {
      "ezweb" : "192",
      "docomo" : "9",
      "softbank" : "263"
    },
    "193" : {
      "ezweb" : "193",
      "docomo" : "10",
      "softbank" : "264"
    },
    "194" : {
      "ezweb" : "194",
      "docomo" : "11",
      "softbank" : "265"
    },
    "195" : {
      "ezweb" : "195",
      "docomo" : "12",
      "softbank" : "266"
    },
    "196" : {
      "ezweb" : "196",
      "docomo" : "13",
      "softbank" : "267"
    },
    "197" : {
      "ezweb" : "197",
      "docomo" : "14",
      "softbank" : "268"
    },
    "198" : {
      "ezweb" : "198",
      "docomo" : "15",
      "softbank" : "269"
    },
    "199" : {
      "ezweb" : "199",
      "docomo" : "16",
      "softbank" : "270"
    },
    "200" : {
      "ezweb" : "200",
      "docomo" : "17",
      "softbank" : "271"
    },
    "201" : {
      "ezweb" : "201",
      "docomo" : "18",
      "softbank" : "272"
    },
    "202" : {
      "ezweb" : "202",
      "docomo" : "19",
      "softbank" : "273"
    },
    "203" : {
      "ezweb" : "203",
      "docomo" : "20",
      "softbank" : "274"
    },
    "204" : {
      "ezweb" : "204",
      "docomo" : "[\u86c7\u4f7f\u5ea7]",
      "softbank" : "275"
    },
    "205" : {
      "ezweb" : "205",
      "docomo" : "43",
      "softbank" : "184"
    },
    "206" : {
      "ezweb" : "206",
      "docomo" : "45",
      "softbank" : "186"
    },
    "207" : {
      "ezweb" : "207",
      "docomo" : "49",
      "softbank" : "181"
    },
    "208" : {
      "ezweb" : "208",
      "docomo" : "47",
      "softbank" : "179"
    },
    "209" : {
      "ezweb" : "209",
      "docomo" : "[\u30d0\u30b9\u505c]",
      "softbank" : "180"
    },
    "210" : {
      "ezweb" : "210",
      "docomo" : "[\u30a2\u30f3\u30c6\u30ca]",
      "softbank" : "175"
    },
    "211" : {
      "ezweb" : "211",
      "docomo" : "36",
      "softbank" : "202"
    },
    "212" : {
      "ezweb" : "212",
      "docomo" : "42",
      "softbank" : "177"
    },
    "213" : {
      "ezweb" : "213",
      "docomo" : "46",
      "softbank" : "58"
    },
    "214" : {
      "ezweb" : "214",
      "docomo" : "[\u5730\u56f3]",
      "softbank" : "[\u5730\u56f3]"
    },
    "215" : {
      "ezweb" : "215",
      "docomo" : "1018",
      "softbank" : "154"
    },
    "216" : {
      "ezweb" : "216",
      "docomo" : "35",
      "softbank" : "189"
    },
    "217" : {
      "ezweb" : "217",
      "docomo" : "32",
      "softbank" : "31"
    },
    "218" : {
      "ezweb" : "218",
      "docomo" : "1040",
      "softbank" : "121"
    },
    "219" : {
      "ezweb" : "219",
      "docomo" : "25",
      "softbank" : "24"
    },
    "220" : {
      "ezweb" : "220",
      "docomo" : "24",
      "softbank" : "21"
    },
    "221" : {
      "ezweb" : "221",
      "docomo" : "1007",
      "softbank" : "[\u30b9\u30ce\u30dc]"
    },
    "222" : {
      "ezweb" : "222",
      "docomo" : "28",
      "softbank" : "150"
    },
    "223" : {
      "ezweb" : "223",
      "docomo" : "[\u89b3\u89a7\u8eca]",
      "softbank" : "136"
    },
    "224" : {
      "ezweb" : "224",
      "docomo" : "147",
      "softbank" : "135"
    },
    "225" : {
      "ezweb" : "225",
      "docomo" : "1064",
      "softbank" : "311"
    },
    "226" : {
      "ezweb" : "226",
      "docomo" : "167",
      "softbank" : "336"
    },
    "227" : {
      "ezweb" : "227",
      "docomo" : "172",
      "softbank" : "475"
    },
    "228" : {
      "ezweb" : "228",
      "docomo" : "[\u6771\u4eac\u30bf\u30ef\u30fc]",
      "softbank" : "509"
    },
    "229" : {
      "ezweb" : "229",
      "docomo" : "[777]",
      "softbank" : "151"
    },
    "230" : {
      "ezweb" : "230",
      "docomo" : "[\u30aa\u30e1\u30c7\u30c8\u30a6]",
      "softbank" : "[\u30aa\u30e1\u30c7\u30c8\u30a6]"
    },
    "231" : {
      "ezweb" : "231",
      "docomo" : "[\u7684\u4e2d]",
      "softbank" : "148"
    },
    "232" : {
      "ezweb" : "232",
      "docomo" : "78",
      "softbank" : "[\u30b2\u30fc\u30e0]"
    },
    "233" : {
      "ezweb" : "233",
      "docomo" : "1010",
      "softbank" : "147"
    },
    "234" : {
      "ezweb" : "234",
      "docomo" : "103",
      "softbank" : "51"
    },
    "235" : {
      "ezweb" : "235",
      "docomo" : "1061",
      "softbank" : "48"
    },
    "236" : {
      "ezweb" : "236",
      "docomo" : "[\u304a\u5316\u3051]",
      "softbank" : "127"
    },
    "237" : {
      "ezweb" : "237",
      "docomo" : "[\u65e5\u306e\u4e38]",
      "softbank" : "511"
    },
    "238" : {
      "ezweb" : "238",
      "docomo" : "[\u30b9\u30a4\u30ab]",
      "softbank" : "372"
    },
    "239" : {
      "ezweb" : "239",
      "docomo" : "1063",
      "softbank" : "70"
    },
    "240" : {
      "ezweb" : "240",
      "docomo" : "[\u30d5\u30e9\u30a4\u30d1\u30f3]",
      "softbank" : "171"
    },
    "241" : {
      "ezweb" : "241",
      "docomo" : "1055",
      "softbank" : "[\u3055\u304f\u3089\u3093\u307c]"
    },
    "242" : {
      "ezweb" : "242",
      "docomo" : "1070",
      "softbank" : "25"
    },
    "243" : {
      "ezweb" : "243",
      "docomo" : "[\u30a4\u30c1\u30b4]",
      "softbank" : "371"
    },
    "244" : {
      "ezweb" : "244",
      "docomo" : "1062",
      "softbank" : "366"
    },
    "245" : {
      "ezweb" : "245",
      "docomo" : "54",
      "softbank" : "132"
    },
    "246" : {
      "ezweb" : "246",
      "docomo" : "[\u30af\u30b8\u30e9]",
      "softbank" : "84"
    },
    "247" : {
      "ezweb" : "247",
      "docomo" : "[\u30a6\u30b5\u30ae]",
      "softbank" : "544"
    },
    "248" : {
      "ezweb" : "248",
      "docomo" : "1073",
      "softbank" : "26"
    },
    "249" : {
      "ezweb" : "249",
      "docomo" : "[\u30b5\u30eb]",
      "softbank" : "109"
    },
    "250" : {
      "ezweb" : "250",
      "docomo" : "[\u30ab\u30a8\u30eb]",
      "softbank" : "549"
    },
    "251" : {
      "ezweb" : "251",
      "docomo" : "101",
      "softbank" : "79"
    },
    "252" : {
      "ezweb" : "252",
      "docomo" : "1069",
      "softbank" : "85"
    },
    "253" : {
      "ezweb" : "253",
      "docomo" : "[\u30a2\u30ea]",
      "softbank" : "[\u30a2\u30ea]"
    },
    "254" : {
      "ezweb" : "254",
      "docomo" : "1074",
      "softbank" : "111"
    },
    "255" : {
      "ezweb" : "255",
      "docomo" : "[\u30d3\u30fc\u30c1]",
      "softbank" : "307"
    },
    "256" : {
      "ezweb" : "256",
      "docomo" : "[\u3072\u307e\u308f\u308a]",
      "softbank" : "305"
    },
    "257" : {
      "ezweb" : "257",
      "docomo" : "140",
      "softbank" : "87"
    },
    "258" : {
      "ezweb" : "258",
      "docomo" : "141",
      "softbank" : "89"
    },
    "259" : {
      "ezweb" : "259",
      "docomo" : "1034",
      "softbank" : "417"
    },
    "260" : {
      "ezweb" : "260",
      "docomo" : "1032",
      "softbank" : "406"
    },
    "261" : {
      "ezweb" : "261",
      "docomo" : "157",
      "softbank" : "160"
    },
    "262" : {
      "ezweb" : "262",
      "docomo" : "152",
      "softbank" : "352"
    },
    "263" : {
      "ezweb" : "263",
      "docomo" : "163",
      "softbank" : "349"
    },
    "264" : {
      "ezweb" : "264",
      "docomo" : "1029",
      "softbank" : "105"
    },
    "265" : {
      "ezweb" : "265",
      "docomo" : "138",
      "softbank" : "35"
    },
    "266" : {
      "ezweb" : "266",
      "docomo" : "139",
      "softbank" : "339"
    },
    "267" : {
      "ezweb" : "267",
      "docomo" : "150",
      "softbank" : "346"
    },
    "268" : {
      "ezweb" : "268",
      "docomo" : "154",
      "softbank" : "317"
    },
    "269" : {
      "ezweb" : "269",
      "docomo" : "[\u708e]",
      "softbank" : "129"
    },
    "270" : {
      "ezweb" : "270",
      "docomo" : "[SOS]",
      "softbank" : "[SOS]"
    },
    "271" : {
      "ezweb" : "271",
      "docomo" : "[\u529b\u3053\u3076]",
      "softbank" : "176"
    },
    "272" : {
      "ezweb" : "272",
      "docomo" : "136",
      "softbank" : "341"
    },
    "273" : {
      "ezweb" : "273",
      "docomo" : "149",
      "softbank" : "3"
    },
    "274" : {
      "ezweb" : "274",
      "docomo" : "[\u5b87\u5b99\u4eba]",
      "softbank" : "112"
    },
    "275" : {
      "ezweb" : "275",
      "docomo" : "6",
      "softbank" : "[\u306a\u308b\u3068]"
    },
    "276" : {
      "ezweb" : "276",
      "docomo" : "91",
      "softbank" : "554"
    },
    "277" : {
      "ezweb" : "277",
      "docomo" : "[\u30a2\u30af\u30de]",
      "softbank" : "126"
    },
    "278" : {
      "ezweb" : "278",
      "docomo" : "[\u82b1\u4e38]",
      "softbank" : "[\u82b1\u4e38]"
    },
    "279" : {
      "ezweb" : "279",
      "docomo" : "1041",
      "softbank" : "321"
    },
    "280" : {
      "ezweb" : "280",
      "docomo" : "[100\u70b9]",
      "softbank" : "[100\u70b9]"
    },
    "281" : {
      "ezweb" : "281",
      "docomo" : "153",
      "softbank" : "13"
    },
    "282" : {
      "ezweb" : "282",
      "docomo" : "164",
      "softbank" : "348"
    },
    "283" : {
      "ezweb" : "283",
      "docomo" : "[\u30a6\u30f3\u30c1]",
      "softbank" : "90"
    },
    "284" : {
      "ezweb" : "284",
      "docomo" : "[\u4eba\u5dee\u3057\u6307]",
      "softbank" : "15"
    },
    "285" : {
      "ezweb" : "285",
      "docomo" : "[\u5f97]",
      "softbank" : "238"
    },
    "286" : {
      "ezweb" : "286",
      "docomo" : "[\u30c9\u30af\u30ed]",
      "softbank" : "128"
    },
    "287" : {
      "ezweb" : "287",
      "docomo" : "1028",
      "softbank" : "14"
    },
    "288" : {
      "ezweb" : "288",
      "docomo" : "77",
      "softbank" : "142"
    },
    "289" : {
      "ezweb" : "289",
      "docomo" : "57",
      "softbank" : "60"
    },
    "290" : {
      "ezweb" : "290",
      "docomo" : "1004",
      "softbank" : "[\u8ca1\u5e03]"
    },
    "291" : {
      "ezweb" : "291",
      "docomo" : "155",
      "softbank" : "338"
    },
    "292" : {
      "ezweb" : "292",
      "docomo" : "[\u30ae\u30bf\u30fc]",
      "softbank" : "65"
    },
    "293" : {
      "ezweb" : "293",
      "docomo" : "[\u30d0\u30a4\u30aa\u30ea\u30f3]",
      "softbank" : "[\u30d0\u30a4\u30aa\u30ea\u30f3]"
    },
    "294" : {
      "ezweb" : "294",
      "docomo" : "61",
      "softbank" : "310"
    },
    "295" : {
      "ezweb" : "295",
      "docomo" : "1005",
      "softbank" : "328"
    },
    "296" : {
      "ezweb" : "296",
      "docomo" : "[\u30d4\u30b9\u30c8\u30eb]",
      "softbank" : "119"
    },
    "297" : {
      "ezweb" : "297",
      "docomo" : "[\u30a8\u30b9\u30c6]",
      "softbank" : "330"
    },
    "298" : {
      "ezweb" : "298",
      "docomo" : "[EZ]",
      "softbank" : "[EZ]"
    },
    "299" : {
      "ezweb" : "299",
      "docomo" : "114",
      "softbank" : "[FREE]"
    },
    "300" : {
      "ezweb" : "300",
      "docomo" : "79",
      "softbank" : "138"
    },
    "301" : {
      "ezweb" : "301",
      "docomo" : "1003",
      "softbank" : "6"
    },
    "302" : {
      "ezweb" : "302",
      "docomo" : "[UFO]",
      "softbank" : "112"
    },
    "303" : {
      "ezweb" : "303",
      "docomo" : "[UP!]",
      "softbank" : "219"
    },
    "304" : {
      "ezweb" : "304",
      "docomo" : "[\u6ce8\u5c04]",
      "softbank" : "159"
    },
    "305" : {
      "ezweb" : "305",
      "docomo" : "7",
      "softbank" : "[\u9727]"
    },
    "306" : {
      "ezweb" : "306",
      "docomo" : "23",
      "softbank" : "20"
    },
    "307" : {
      "ezweb" : "307",
      "docomo" : "27",
      "softbank" : "442"
    },
    "308" : {
      "ezweb" : "308",
      "docomo" : "29",
      "softbank" : "[\u30dd\u30b1\u30d9\u30eb]"
    },
    "309" : {
      "ezweb" : "309",
      "docomo" : "62",
      "softbank" : "502"
    },
    "310" : {
      "ezweb" : "310",
      "docomo" : "[\u6f14\u5287]",
      "softbank" : "503"
    },
    "311" : {
      "ezweb" : "311",
      "docomo" : "64",
      "softbank" : "[\u30a4\u30d9\u30f3\u30c8]"
    },
    "312" : {
      "ezweb" : "312",
      "docomo" : "71",
      "softbank" : "320"
    },
    "313" : {
      "ezweb" : "313",
      "docomo" : "73",
      "softbank" : "375"
    },
    "314" : {
      "ezweb" : "314",
      "docomo" : "81",
      "softbank" : "214"
    },
    "315" : {
      "ezweb" : "315",
      "docomo" : "82",
      "softbank" : "213"
    },
    "316" : {
      "ezweb" : "316",
      "docomo" : "83",
      "softbank" : "215"
    },
    "317" : {
      "ezweb" : "317",
      "docomo" : "84",
      "softbank" : "425"
    },
    "318" : {
      "ezweb" : "318",
      "docomo" : "85",
      "softbank" : "427"
    },
    "319" : {
      "ezweb" : "319",
      "docomo" : "87",
      "softbank" : "17"
    },
    "320" : {
      "ezweb" : "320",
      "docomo" : "88",
      "softbank" : "18"
    },
    "321" : {
      "ezweb" : "321",
      "docomo" : "95",
      "softbank" : "\u25cf"
    },
    "322" : {
      "ezweb" : "322",
      "docomo" : "96",
      "softbank" : "76"
    },
    "323" : {
      "ezweb" : "323",
      "docomo" : "97",
      "softbank" : "76"
    },
    "324" : {
      "ezweb" : "324",
      "docomo" : "118",
      "softbank" : "[CL]"
    },
    "325" : {
      "ezweb" : "325",
      "docomo" : "134",
      "softbank" : "237"
    },
    "326" : {
      "ezweb" : "326",
      "docomo" : "135",
      "softbank" : "277"
    },
    "327" : {
      "ezweb" : "327",
      "docomo" : "144",
      "softbank" : "406"
    },
    "328" : {
      "ezweb" : "328",
      "docomo" : "137",
      "softbank" : "339"
    },
    "329" : {
      "ezweb" : "329",
      "docomo" : "161",
      "softbank" : "[\u30c9\u30f3\u30c3]"
    },
    "330" : {
      "ezweb" : "330",
      "docomo" : "162",
      "softbank" : "349"
    },
    "331" : {
      "ezweb" : "331",
      "docomo" : "[ezplus]",
      "softbank" : "[ezplus]"
    },
    "332" : {
      "ezweb" : "332",
      "docomo" : "[\u5730\u7403]",
      "softbank" : "[\u5730\u7403]"
    },
    "333" : {
      "ezweb" : "333",
      "docomo" : "1065",
      "softbank" : "364"
    },
    "334" : {
      "ezweb" : "334",
      "docomo" : "120",
      "softbank" : "218"
    },
    "335" : {
      "ezweb" : "335",
      "docomo" : "1003",
      "softbank" : "6"
    },
    "336" : {
      "ezweb" : "336",
      "docomo" : "92",
      "softbank" : "7"
    },
    "337" : {
      "ezweb" : "337",
      "docomo" : "1011",
      "softbank" : "12"
    },
    "338" : {
      "ezweb" : "338",
      "docomo" : "[\u30e9\u30b8\u30aa]",
      "softbank" : "140"
    },
    "339" : {
      "ezweb" : "339",
      "docomo" : "[\u30d0\u30e9]",
      "softbank" : "50"
    },
    "340" : {
      "ezweb" : "340",
      "docomo" : "[\u6559\u4f1a]",
      "softbank" : "55"
    },
    "341" : {
      "ezweb" : "341",
      "docomo" : "31",
      "softbank" : "452"
    },
    "342" : {
      "ezweb" : "342",
      "docomo" : "1053",
      "softbank" : "59"
    },
    "343" : {
      "ezweb" : "343",
      "docomo" : "146",
      "softbank" : "62"
    },
    "344" : {
      "ezweb" : "344",
      "docomo" : "[\u5929\u4f7f]",
      "softbank" : "78"
    },
    "345" : {
      "ezweb" : "345",
      "docomo" : "[\u30c8\u30e9]",
      "softbank" : "80"
    },
    "346" : {
      "ezweb" : "346",
      "docomo" : "[\u30af\u30de]",
      "softbank" : "81"
    },
    "347" : {
      "ezweb" : "347",
      "docomo" : "[\u30cd\u30ba\u30df]",
      "softbank" : "83"
    },
    "348" : {
      "ezweb" : "348",
      "docomo" : "1030",
      "softbank" : "405"
    },
    "349" : {
      "ezweb" : "349",
      "docomo" : "1027",
      "softbank" : "106"
    },
    "350" : {
      "ezweb" : "350",
      "docomo" : "1076",
      "softbank" : "416"
    },
    "351" : {
      "ezweb" : "351",
      "docomo" : "1024",
      "softbank" : "108"
    },
    "352" : {
      "ezweb" : "352",
      "docomo" : "[\u30bf\u30b3]",
      "softbank" : "110"
    },
    "353" : {
      "ezweb" : "353",
      "docomo" : "[\u30ed\u30b1\u30c3\u30c8]",
      "softbank" : "113"
    },
    "354" : {
      "ezweb" : "354",
      "docomo" : "1015",
      "softbank" : "114"
    },
    "355" : {
      "ezweb" : "355",
      "docomo" : "149",
      "softbank" : "117"
    },
    "356" : {
      "ezweb" : "356",
      "docomo" : "[\u30cf\u30f3\u30de\u30fc]",
      "softbank" : "122"
    },
    "357" : {
      "ezweb" : "357",
      "docomo" : "[\u82b1\u706b]",
      "softbank" : "123"
    },
    "358" : {
      "ezweb" : "358",
      "docomo" : "1060",
      "softbank" : "125"
    },
    "359" : {
      "ezweb" : "359",
      "docomo" : "69",
      "softbank" : "130"
    },
    "360" : {
      "ezweb" : "360",
      "docomo" : "[\u5674\u6c34]",
      "softbank" : "133"
    },
    "361" : {
      "ezweb" : "361",
      "docomo" : "[\u30ad\u30e3\u30f3\u30d7]",
      "softbank" : "134"
    },
    "362" : {
      "ezweb" : "362",
      "docomo" : "[\u9ebb\u96c0]",
      "softbank" : "145"
    },
    "363" : {
      "ezweb" : "363",
      "docomo" : "[VS]",
      "softbank" : "146"
    },
    "364" : {
      "ezweb" : "364",
      "docomo" : "[\u30c8\u30ed\u30d5\u30a3\u30fc]",
      "softbank" : "149"
    },
    "365" : {
      "ezweb" : "365",
      "docomo" : "[\u30ab\u30e1]",
      "softbank" : "[\u30ab\u30e1]"
    },
    "366" : {
      "ezweb" : "366",
      "docomo" : "[\u30b9\u30da\u30a4\u30f3]",
      "softbank" : "517"
    },
    "367" : {
      "ezweb" : "367",
      "docomo" : "[\u30ed\u30b7\u30a2]",
      "softbank" : "518"
    },
    "368" : {
      "ezweb" : "368",
      "docomo" : "[\u5de5\u4e8b\u4e2d]",
      "softbank" : "155"
    },
    "369" : {
      "ezweb" : "369",
      "docomo" : "147",
      "softbank" : "163"
    },
    "370" : {
      "ezweb" : "370",
      "docomo" : "[\u795d\u65e5]",
      "softbank" : "167"
    },
    "371" : {
      "ezweb" : "371",
      "docomo" : "[\u5915\u713c\u3051]",
      "softbank" : "170"
    },
    "372" : {
      "ezweb" : "372",
      "docomo" : "1068",
      "softbank" : "535"
    },
    "373" : {
      "ezweb" : "373",
      "docomo" : "[\u682a\u4fa1]",
      "softbank" : "174"
    },
    "374" : {
      "ezweb" : "374",
      "docomo" : "[\u8b66\u5b98]",
      "softbank" : "182"
    },
    "375" : {
      "ezweb" : "375",
      "docomo" : "40",
      "softbank" : "183"
    },
    "376" : {
      "ezweb" : "376",
      "docomo" : "41",
      "softbank" : "185"
    },
    "377" : {
      "ezweb" : "377",
      "docomo" : "1051",
      "softbank" : "187"
    },
    "378" : {
      "ezweb" : "378",
      "docomo" : "44",
      "softbank" : "188"
    },
    "379" : {
      "ezweb" : "379",
      "docomo" : "36",
      "softbank" : "202"
    },
    "380" : {
      "ezweb" : "380",
      "docomo" : "[18\u7981]",
      "softbank" : "207"
    },
    "381" : {
      "ezweb" : "381",
      "docomo" : "[\u30d0\u30ea3]",
      "softbank" : "211"
    },
    "382" : {
      "ezweb" : "382",
      "docomo" : "[COOL]",
      "softbank" : "220"
    },
    "383" : {
      "ezweb" : "383",
      "docomo" : "[\u5272]",
      "softbank" : "239"
    },
    "384" : {
      "ezweb" : "384",
      "docomo" : "[\u30b5\u30fc\u30d3\u30b9]",
      "softbank" : "240"
    },
    "385" : {
      "ezweb" : "385",
      "docomo" : "115",
      "softbank" : "241"
    },
    "386" : {
      "ezweb" : "386",
      "docomo" : "1048",
      "softbank" : "242"
    },
    "387" : {
      "ezweb" : "387",
      "docomo" : "1046",
      "softbank" : "243"
    },
    "388" : {
      "ezweb" : "388",
      "docomo" : "[\u6307]",
      "softbank" : "244"
    },
    "389" : {
      "ezweb" : "389",
      "docomo" : "[\u55b6]",
      "softbank" : "245"
    },
    "390" : {
      "ezweb" : "390",
      "docomo" : "\u2191",
      "softbank" : "246"
    },
    "391" : {
      "ezweb" : "391",
      "docomo" : "\u2193",
      "softbank" : "247"
    },
    "392" : {
      "ezweb" : "392",
      "docomo" : "[\u5360\u3044]",
      "softbank" : "262"
    },
    "393" : {
      "ezweb" : "393",
      "docomo" : "[\u30de\u30ca\u30fc\u30e2\u30fc\u30c9]",
      "softbank" : "280"
    },
    "394" : {
      "ezweb" : "394",
      "docomo" : "[\u30b1\u30fc\u30bf\u30a4OFF]",
      "softbank" : "281"
    },
    "395" : {
      "ezweb" : "395",
      "docomo" : "76",
      "softbank" : "301"
    },
    "396" : {
      "ezweb" : "396",
      "docomo" : "[\u30cd\u30af\u30bf\u30a4]",
      "softbank" : "302"
    },
    "397" : {
      "ezweb" : "397",
      "docomo" : "[\u30cf\u30a4\u30d3\u30b9\u30ab\u30b9]",
      "softbank" : "303"
    },
    "398" : {
      "ezweb" : "398",
      "docomo" : "[\u82b1\u675f]",
      "softbank" : "306"
    },
    "399" : {
      "ezweb" : "399",
      "docomo" : "[\u30b5\u30dc\u30c6\u30f3]",
      "softbank" : "308"
    },
    "400" : {
      "ezweb" : "400",
      "docomo" : "1064",
      "softbank" : "311"
    },
    "401" : {
      "ezweb" : "401",
      "docomo" : "53",
      "softbank" : "312"
    },
    "402" : {
      "ezweb" : "402",
      "docomo" : "[\u795d]",
      "softbank" : "313"
    },
    "403" : {
      "ezweb" : "403",
      "docomo" : "[\u85ac]",
      "softbank" : "315"
    },
    "404" : {
      "ezweb" : "404",
      "docomo" : "[\u98a8\u8239]",
      "softbank" : "316"
    },
    "405" : {
      "ezweb" : "405",
      "docomo" : "[\u30af\u30e9\u30c3\u30ab\u30fc]",
      "softbank" : "318"
    },
    "406" : {
      "ezweb" : "406",
      "docomo" : "[EZ\u30ca\u30d3]",
      "softbank" : "[EZ\u30ca\u30d3]"
    },
    "407" : {
      "ezweb" : "407",
      "docomo" : "[\u5e3d\u5b50]",
      "softbank" : "324"
    },
    "408" : {
      "ezweb" : "408",
      "docomo" : "[\u30d6\u30fc\u30c4]",
      "softbank" : "327"
    },
    "409" : {
      "ezweb" : "409",
      "docomo" : "[\u30de\u30cb\u30ad\u30e5\u30a2]",
      "softbank" : "329"
    },
    "410" : {
      "ezweb" : "410",
      "docomo" : "[\u7f8e\u5bb9\u9662]",
      "softbank" : "331"
    },
    "411" : {
      "ezweb" : "411",
      "docomo" : "[\u5e8a\u5c4b]",
      "softbank" : "332"
    },
    "412" : {
      "ezweb" : "412",
      "docomo" : "[\u7740\u7269]",
      "softbank" : "333"
    },
    "413" : {
      "ezweb" : "413",
      "docomo" : "[\u30d3\u30ad\u30cb]",
      "softbank" : "334"
    },
    "414" : {
      "ezweb" : "414",
      "docomo" : "80",
      "softbank" : "212"
    },
    "415" : {
      "ezweb" : "415",
      "docomo" : "136",
      "softbank" : "339"
    },
    "416" : {
      "ezweb" : "416",
      "docomo" : "136",
      "softbank" : "342"
    },
    "417" : {
      "ezweb" : "417",
      "docomo" : "136",
      "softbank" : "343"
    },
    "418" : {
      "ezweb" : "418",
      "docomo" : "136",
      "softbank" : "344"
    },
    "419" : {
      "ezweb" : "419",
      "docomo" : "136",
      "softbank" : "345"
    },
    "420" : {
      "ezweb" : "420",
      "docomo" : "150",
      "softbank" : "346"
    },
    "421" : {
      "ezweb" : "421",
      "docomo" : "26",
      "softbank" : "19"
    },
    "422" : {
      "ezweb" : "422",
      "docomo" : "99",
      "softbank" : "350"
    },
    "423" : {
      "ezweb" : "423",
      "docomo" : "1019",
      "softbank" : "356"
    },
    "424" : {
      "ezweb" : "424",
      "docomo" : "1066",
      "softbank" : "357"
    },
    "425" : {
      "ezweb" : "425",
      "docomo" : "[\u30bd\\\u30d5\u30c8\u30af\u30ea\u30fc\u30e0]",
      "softbank" : "358"
    },
    "426" : {
      "ezweb" : "426",
      "docomo" : "[\u30dd\u30c6\u30c8]",
      "softbank" : "359"
    },
    "427" : {
      "ezweb" : "427",
      "docomo" : "[\u3060\u3093\u3054]",
      "softbank" : "360"
    },
    "428" : {
      "ezweb" : "428",
      "docomo" : "[\u305b\u3093\u3079\u3044]",
      "softbank" : "361"
    },
    "429" : {
      "ezweb" : "429",
      "docomo" : "1065",
      "softbank" : "362"
    },
    "430" : {
      "ezweb" : "430",
      "docomo" : "[\u30d1\u30b9\u30bf]",
      "softbank" : "363"
    },
    "431" : {
      "ezweb" : "431",
      "docomo" : "[\u30ab\u30ec\u30fc]",
      "softbank" : "365"
    },
    "432" : {
      "ezweb" : "432",
      "docomo" : "[\u304a\u3067\u3093]",
      "softbank" : "367"
    },
    "433" : {
      "ezweb" : "433",
      "docomo" : "[\u3059\u3057]",
      "softbank" : "368"
    },
    "434" : {
      "ezweb" : "434",
      "docomo" : "1058",
      "softbank" : "369"
    },
    "435" : {
      "ezweb" : "435",
      "docomo" : "[\u307f\u304b\u3093]",
      "softbank" : "370"
    },
    "436" : {
      "ezweb" : "436",
      "docomo" : "[\u30c8\u30de\u30c8]",
      "softbank" : "373"
    },
    "437" : {
      "ezweb" : "437",
      "docomo" : "[\u30ca\u30b9]",
      "softbank" : "374"
    },
    "438" : {
      "ezweb" : "438",
      "docomo" : "[\u5f01\u5f53]",
      "softbank" : "376"
    },
    "439" : {
      "ezweb" : "439",
      "docomo" : "[\u934b]",
      "softbank" : "377"
    },
    "440" : {
      "ezweb" : "440",
      "docomo" : "1033",
      "softbank" : "402"
    },
    "441" : {
      "ezweb" : "441",
      "docomo" : "1021",
      "softbank" : "403"
    },
    "442" : {
      "ezweb" : "442",
      "docomo" : "1072",
      "softbank" : "404"
    },
    "443" : {
      "ezweb" : "443",
      "docomo" : "1032",
      "softbank" : "406"
    },
    "444" : {
      "ezweb" : "444",
      "docomo" : "143",
      "softbank" : "407"
    },
    "445" : {
      "ezweb" : "445",
      "docomo" : "157",
      "softbank" : "408"
    },
    "446" : {
      "ezweb" : "446",
      "docomo" : "1022",
      "softbank" : "410"
    },
    "447" : {
      "ezweb" : "447",
      "docomo" : "1076",
      "softbank" : "411"
    },
    "448" : {
      "ezweb" : "448",
      "docomo" : "[\u98a8\u90aa\u3072\u304d]",
      "softbank" : "412"
    },
    "449" : {
      "ezweb" : "449",
      "docomo" : "[\u71b1]",
      "softbank" : "413"
    },
    "450" : {
      "ezweb" : "450",
      "docomo" : "1026",
      "softbank" : "414"
    },
    "451" : {
      "ezweb" : "451",
      "docomo" : "144",
      "softbank" : "416"
    },
    "452" : {
      "ezweb" : "452",
      "docomo" : "1024",
      "softbank" : "415"
    },
    "453" : {
      "ezweb" : "453",
      "docomo" : "155",
      "softbank" : "338"
    },
    "454" : {
      "ezweb" : "454",
      "docomo" : "140",
      "softbank" : "86"
    },
    "455" : {
      "ezweb" : "455",
      "docomo" : "(>\uff13<)",
      "softbank" : "423"
    },
    "456" : {
      "ezweb" : "456",
      "docomo" : "(\u00b4\uff13\uff40)",
      "softbank" : "424"
    },
    "457" : {
      "ezweb" : "457",
      "docomo" : "[\u9f3b]",
      "softbank" : "426"
    },
    "458" : {
      "ezweb" : "458",
      "docomo" : "149",
      "softbank" : "428"
    },
    "459" : {
      "ezweb" : "459",
      "docomo" : "(>\u4eba<)",
      "softbank" : "429"
    },
    "460" : {
      "ezweb" : "460",
      "docomo" : "[\u62cd\u624b]",
      "softbank" : "431"
    },
    "461" : {
      "ezweb" : "461",
      "docomo" : "135",
      "softbank" : "432"
    },
    "462" : {
      "ezweb" : "462",
      "docomo" : "156",
      "softbank" : "433"
    },
    "463" : {
      "ezweb" : "463",
      "docomo" : "88",
      "softbank" : "430"
    },
    "464" : {
      "ezweb" : "464",
      "docomo" : "1036",
      "softbank" : "435"
    },
    "465" : {
      "ezweb" : "465",
      "docomo" : "135",
      "softbank" : "436"
    },
    "466" : {
      "ezweb" : "466",
      "docomo" : "m(_ _)m",
      "softbank" : "438"
    },
    "467" : {
      "ezweb" : "467",
      "docomo" : "137",
      "softbank" : "437"
    },
    "468" : {
      "ezweb" : "468",
      "docomo" : "[\u30d0\u30cb\u30fc]",
      "softbank" : "441"
    },
    "469" : {
      "ezweb" : "469",
      "docomo" : "[\u30c8\u30e9\u30f3\u30da\u30c3\u30c8]",
      "softbank" : "66"
    },
    "470" : {
      "ezweb" : "470",
      "docomo" : "[\u30d3\u30ea\u30e4\u30fc\u30c9]",
      "softbank" : "444"
    },
    "471" : {
      "ezweb" : "471",
      "docomo" : "[\u6c34\u6cf3]",
      "softbank" : "445"
    },
    "472" : {
      "ezweb" : "472",
      "docomo" : "[\u6d88\u9632\u8eca]",
      "softbank" : "448"
    },
    "473" : {
      "ezweb" : "473",
      "docomo" : "[\u6551\u6025\u8eca]",
      "softbank" : "449"
    },
    "474" : {
      "ezweb" : "474",
      "docomo" : "[\u30d1\u30c8\u30ab\u30fc]",
      "softbank" : "450"
    },
    "475" : {
      "ezweb" : "475",
      "docomo" : "[\u30b8\u30a7\u30c3\u30c8\u30b3\u30fc\u30b9\u30bf\u30fc]",
      "softbank" : "451"
    },
    "476" : {
      "ezweb" : "476",
      "docomo" : "[\u9580\u677e]",
      "softbank" : "454"
    },
    "477" : {
      "ezweb" : "477",
      "docomo" : "[\u3072\u306a\u796d\u308a]",
      "softbank" : "456"
    },
    "478" : {
      "ezweb" : "478",
      "docomo" : "[\u5352\u696d\u5f0f]",
      "softbank" : "457"
    },
    "479" : {
      "ezweb" : "479",
      "docomo" : "[\u30e9\u30f3\u30c9\u30bb\u30eb]",
      "softbank" : "458"
    },
    "480" : {
      "ezweb" : "480",
      "docomo" : "[\u3053\u3044\u306e\u307c\u308a]",
      "softbank" : "459"
    },
    "481" : {
      "ezweb" : "481",
      "docomo" : "8",
      "softbank" : "460"
    },
    "482" : {
      "ezweb" : "482",
      "docomo" : "[\u82b1\u5ac1]",
      "softbank" : "[\u82b1\u5ac1]"
    },
    "483" : {
      "ezweb" : "483",
      "docomo" : "[\u30ab\u30ad\u6c37]",
      "softbank" : "463"
    },
    "484" : {
      "ezweb" : "484",
      "docomo" : "[\u7dda\u9999\u82b1\u706b]",
      "softbank" : "464"
    },
    "485" : {
      "ezweb" : "485",
      "docomo" : "[\u5dfb\u8c9d]",
      "softbank" : "465"
    },
    "486" : {
      "ezweb" : "486",
      "docomo" : "[\u98a8\u9234]",
      "softbank" : "466"
    },
    "487" : {
      "ezweb" : "487",
      "docomo" : "[\u30cf\u30ed\u30a6\u30a3\u30f3]",
      "softbank" : "469"
    },
    "488" : {
      "ezweb" : "488",
      "docomo" : "[\u304a\u6708\u898b]",
      "softbank" : "470"
    },
    "489" : {
      "ezweb" : "489",
      "docomo" : "[\u30b5\u30f3\u30bf]",
      "softbank" : "472"
    },
    "490" : {
      "ezweb" : "490",
      "docomo" : "172",
      "softbank" : "475"
    },
    "491" : {
      "ezweb" : "491",
      "docomo" : "[\u8679]",
      "softbank" : "476"
    },
    "492" : {
      "ezweb" : "492",
      "docomo" : "44;139",
      "softbank" : "501"
    },
    "493" : {
      "ezweb" : "493",
      "docomo" : "1",
      "softbank" : "473"
    },
    "494" : {
      "ezweb" : "494",
      "docomo" : "63",
      "softbank" : "503"
    },
    "495" : {
      "ezweb" : "495",
      "docomo" : "[\u30c7\u30d1\u30fc\u30c8]",
      "softbank" : "504"
    },
    "496" : {
      "ezweb" : "496",
      "docomo" : "[\u57ce]",
      "softbank" : "505"
    },
    "497" : {
      "ezweb" : "497",
      "docomo" : "[\u57ce]",
      "softbank" : "506"
    },
    "498" : {
      "ezweb" : "498",
      "docomo" : "[\u5de5\u5834]",
      "softbank" : "508"
    },
    "499" : {
      "ezweb" : "499",
      "docomo" : "[\u30d5\u30e9\u30f3\u30b9]",
      "softbank" : "513"
    },
    "500" : {
      "ezweb" : "500",
      "docomo" : "[\u30aa\u30fc\u30d7\u30f3\u30a6\u30a7\u30d6]",
      "softbank" : "[\u30aa\u30fc\u30d7\u30f3\u30a6\u30a7\u30d6]"
    },
    "501" : {
      "ezweb" : "501",
      "docomo" : "[\u30ab\u30ae]",
      "softbank" : "168"
    },
    "502" : {
      "ezweb" : "502",
      "docomo" : "[ABCD]",
      "softbank" : "[ABCD]"
    },
    "503" : {
      "ezweb" : "503",
      "docomo" : "[abcd]",
      "softbank" : "[abcd]"
    },
    "504" : {
      "ezweb" : "504",
      "docomo" : "[1234]",
      "softbank" : "[1234]"
    },
    "505" : {
      "ezweb" : "505",
      "docomo" : "[\u8a18\u53f7]",
      "softbank" : "[\u8a18\u53f7]"
    },
    "506" : {
      "ezweb" : "506",
      "docomo" : "[\u53ef]",
      "softbank" : "[\u53ef]"
    },
    "507" : {
      "ezweb" : "507",
      "docomo" : "[\u30c1\u30a7\u30c3\u30af\u30de\u30fc\u30af]",
      "softbank" : "[\u30c1\u30a7\u30c3\u30af\u30de\u30fc\u30af]"
    },
    "508" : {
      "ezweb" : "508",
      "docomo" : "169",
      "softbank" : "[\u30da\u30f3]"
    },
    "509" : {
      "ezweb" : "509",
      "docomo" : "[\u30e9\u30b8\u30aa\u30dc\u30bf\u30f3]",
      "softbank" : "[\u30e9\u30b8\u30aa\u30dc\u30bf\u30f3]"
    },
    "510" : {
      "ezweb" : "510",
      "docomo" : "119",
      "softbank" : "120"
    },
    "511" : {
      "ezweb" : "511",
      "docomo" : "[\u2190BACK]",
      "softbank" : "253"
    },
    "512" : {
      "ezweb" : "512",
      "docomo" : "[\u30d6\u30c3\u30af\u30de\u30fc\u30af]",
      "softbank" : "[\u30d6\u30c3\u30af\u30de\u30fc\u30af]"
    },
    "513" : {
      "ezweb" : "513",
      "docomo" : "105",
      "softbank" : "104"
    },
    "514" : {
      "ezweb" : "514",
      "docomo" : "38",
      "softbank" : "54"
    },
    "515" : {
      "ezweb" : "515",
      "docomo" : "40",
      "softbank" : "101"
    },
    "516" : {
      "ezweb" : "516",
      "docomo" : "76",
      "softbank" : "301"
    },
    "517" : {
      "ezweb" : "517",
      "docomo" : "116",
      "softbank" : "168"
    },
    "518" : {
      "ezweb" : "518",
      "docomo" : "1042",
      "softbank" : "\u2191\u2193"
    },
    "700" : {
      "ezweb" : "700",
      "docomo" : "[\u30c9\u30a4\u30c4]",
      "softbank" : "514"
    },
    "701" : {
      "ezweb" : "701",
      "docomo" : "[\u30a4\u30bf\u30ea\u30a2]",
      "softbank" : "515"
    },
    "702" : {
      "ezweb" : "702",
      "docomo" : "[\u30a4\u30ae\u30ea\u30b9]",
      "softbank" : "516"
    },
    "703" : {
      "ezweb" : "703",
      "docomo" : "[\u4e2d\u56fd]",
      "softbank" : "519"
    },
    "704" : {
      "ezweb" : "704",
      "docomo" : "[\u97d3\u56fd]",
      "softbank" : "520"
    },
    "705" : {
      "ezweb" : "705",
      "docomo" : "[\u767d\u4eba]",
      "softbank" : "521"
    },
    "706" : {
      "ezweb" : "706",
      "docomo" : "[\u4e2d\u56fd\u4eba]",
      "softbank" : "522"
    },
    "707" : {
      "ezweb" : "707",
      "docomo" : "[\u30a4\u30f3\u30c9\u4eba]",
      "softbank" : "523"
    },
    "708" : {
      "ezweb" : "708",
      "docomo" : "[\u304a\u3058\u3044\u3055\u3093]",
      "softbank" : "524"
    },
    "709" : {
      "ezweb" : "709",
      "docomo" : "[\u304a\u3070\u3042\u3055\u3093]",
      "softbank" : "525"
    },
    "710" : {
      "ezweb" : "710",
      "docomo" : "[\u8d64\u3061\u3083\u3093]",
      "softbank" : "526"
    },
    "711" : {
      "ezweb" : "711",
      "docomo" : "[\u5de5\u4e8b\u73fe\u5834\u306e\u4eba]",
      "softbank" : "527"
    },
    "712" : {
      "ezweb" : "712",
      "docomo" : "[\u304a\u59eb\u69d8]",
      "softbank" : "528"
    },
    "713" : {
      "ezweb" : "713",
      "docomo" : "[\u30a4\u30eb\u30ab]",
      "softbank" : "532"
    },
    "714" : {
      "ezweb" : "714",
      "docomo" : "[\u30c0\u30f3\u30b9]",
      "softbank" : "531"
    },
    "715" : {
      "ezweb" : "715",
      "docomo" : "1070",
      "softbank" : "534"
    },
    "716" : {
      "ezweb" : "716",
      "docomo" : "[\u30b2\u30b8\u30b2\u30b8]",
      "softbank" : "537"
    },
    "717" : {
      "ezweb" : "717",
      "docomo" : "[\u30be\u30a6]",
      "softbank" : "538"
    },
    "718" : {
      "ezweb" : "718",
      "docomo" : "[\u30b3\u30a2\u30e9]",
      "softbank" : "539"
    },
    "719" : {
      "ezweb" : "719",
      "docomo" : "[\u725b]",
      "softbank" : "543"
    },
    "720" : {
      "ezweb" : "720",
      "docomo" : "[\u30d8\u30d3]",
      "softbank" : "545"
    },
    "721" : {
      "ezweb" : "721",
      "docomo" : "[\u30cb\u30ef\u30c8\u30ea]",
      "softbank" : "546"
    },
    "722" : {
      "ezweb" : "722",
      "docomo" : "[\u30a4\u30ce\u30b7\u30b7]",
      "softbank" : "547"
    },
    "723" : {
      "ezweb" : "723",
      "docomo" : "[\u30e9\u30af\u30c0]",
      "softbank" : "548"
    },
    "724" : {
      "ezweb" : "724",
      "docomo" : "[A]",
      "softbank" : "550"
    },
    "725" : {
      "ezweb" : "725",
      "docomo" : "[B]",
      "softbank" : "551"
    },
    "726" : {
      "ezweb" : "726",
      "docomo" : "[O]",
      "softbank" : "553"
    },
    "727" : {
      "ezweb" : "727",
      "docomo" : "[AB]",
      "softbank" : "552"
    },
    "728" : {
      "ezweb" : "728",
      "docomo" : "91",
      "softbank" : "554"
    },
    "729" : {
      "ezweb" : "729",
      "docomo" : "92",
      "softbank" : "7"
    },
    "730" : {
      "ezweb" : "730",
      "docomo" : "121",
      "softbank" : "[\u65d7]"
    },
    "731" : {
      "ezweb" : "731",
      "docomo" : "145",
      "softbank" : "254"
    },
    "732" : {
      "ezweb" : "732",
      "docomo" : "156",
      "softbank" : "256"
    },
    "733" : {
      "ezweb" : "733",
      "docomo" : "159",
      "softbank" : "\uff01\uff1f"
    },
    "734" : {
      "ezweb" : "734",
      "docomo" : "160",
      "softbank" : "\uff01\uff01"
    },
    "735" : {
      "ezweb" : "735",
      "docomo" : "166",
      "softbank" : "\uff5e"
    },
    "736" : {
      "ezweb" : "736",
      "docomo" : "[\u30e1\u30ed\u30f3]",
      "softbank" : "[\u30e1\u30ed\u30f3]"
    },
    "737" : {
      "ezweb" : "737",
      "docomo" : "[\u30d1\u30a4\u30ca\u30c3\u30d7\u30eb]",
      "softbank" : "[\u30d1\u30a4\u30ca\u30c3\u30d7\u30eb]"
    },
    "738" : {
      "ezweb" : "738",
      "docomo" : "[\u30d6\u30c9\u30a6]",
      "softbank" : "[\u30d6\u30c9\u30a6]"
    },
    "739" : {
      "ezweb" : "739",
      "docomo" : "1057",
      "softbank" : "[\u30d0\u30ca\u30ca]"
    },
    "740" : {
      "ezweb" : "740",
      "docomo" : "[\u3068\u3046\u3082\u308d\u3053\u3057]",
      "softbank" : "[\u3068\u3046\u3082\u308d\u3053\u3057]"
    },
    "741" : {
      "ezweb" : "741",
      "docomo" : "[\u30ad\u30ce\u30b3]",
      "softbank" : "[\u30ad\u30ce\u30b3]"
    },
    "742" : {
      "ezweb" : "742",
      "docomo" : "[\u6817]",
      "softbank" : "[\u6817]"
    },
    "743" : {
      "ezweb" : "743",
      "docomo" : "[\u30e2\u30e2]",
      "softbank" : "[\u30e2\u30e2]"
    },
    "744" : {
      "ezweb" : "744",
      "docomo" : "[\u3084\u304d\u3044\u3082]",
      "softbank" : "[\u3084\u304d\u3044\u3082]"
    },
    "745" : {
      "ezweb" : "745",
      "docomo" : "[\u30d4\u30b6]",
      "softbank" : "[\u30d4\u30b6]"
    },
    "746" : {
      "ezweb" : "746",
      "docomo" : "[\u30c1\u30ad\u30f3]",
      "softbank" : "[\u30c1\u30ad\u30f3]"
    },
    "747" : {
      "ezweb" : "747",
      "docomo" : "[\u4e03\u5915]",
      "softbank" : "[\u4e03\u5915]"
    },
    "748" : {
      "ezweb" : "748",
      "docomo" : "52",
      "softbank" : "68"
    },
    "749" : {
      "ezweb" : "749",
      "docomo" : "[\u8fb0]",
      "softbank" : "[\u8fb0]"
    },
    "750" : {
      "ezweb" : "750",
      "docomo" : "[\u30d4\u30a2\u30ce]",
      "softbank" : "[\u30d4\u30a2\u30ce]"
    },
    "751" : {
      "ezweb" : "751",
      "docomo" : "1007",
      "softbank" : "23"
    },
    "752" : {
      "ezweb" : "752",
      "docomo" : "1070",
      "softbank" : "25"
    },
    "753" : {
      "ezweb" : "753",
      "docomo" : "[\u30dc\u30fc\u30ea\u30f3\u30b0]",
      "softbank" : "[\u30dc\u30fc\u30ea\u30f3\u30b0]"
    },
    "754" : {
      "ezweb" : "754",
      "docomo" : "[\u306a\u307e\u306f\u3052]",
      "softbank" : "[\u306a\u307e\u306f\u3052]"
    },
    "755" : {
      "ezweb" : "755",
      "docomo" : "[\u5929\u72d7]",
      "softbank" : "[\u5929\u72d7]"
    },
    "756" : {
      "ezweb" : "756",
      "docomo" : "[\u30d1\u30f3\u30c0]",
      "softbank" : "[\u30d1\u30f3\u30c0]"
    },
    "757" : {
      "ezweb" : "757",
      "docomo" : "1029",
      "softbank" : "409"
    },
    "758" : {
      "ezweb" : "758",
      "docomo" : "1074",
      "softbank" : "111"
    },
    "759" : {
      "ezweb" : "759",
      "docomo" : "[\u82b1]",
      "softbank" : "305"
    },
    "760" : {
      "ezweb" : "760",
      "docomo" : "[\u30a2\u30a4\u30b9\u30af\u30ea\u30fc\u30e0]",
      "softbank" : "[\u30a2\u30a4\u30b9\u30af\u30ea\u30fc\u30e0]"
    },
    "761" : {
      "ezweb" : "761",
      "docomo" : "[\u30c9\u30fc\u30ca\u30c4]",
      "softbank" : "[\u30c9\u30fc\u30ca\u30c4]"
    },
    "762" : {
      "ezweb" : "762",
      "docomo" : "[\u30af\u30c3\u30ad\u30fc]",
      "softbank" : "[\u30af\u30c3\u30ad\u30fc]"
    },
    "763" : {
      "ezweb" : "763",
      "docomo" : "[\u30c1\u30e7\u30b3]",
      "softbank" : "[\u30c1\u30e7\u30b3]"
    },
    "764" : {
      "ezweb" : "764",
      "docomo" : "[\u30ad\u30e3\u30f3\u30c7\u30a3]",
      "softbank" : "[\u30ad\u30e3\u30f3\u30c7\u30a3]"
    },
    "765" : {
      "ezweb" : "765",
      "docomo" : "[\u30ad\u30e3\u30f3\u30c7\u30a3]",
      "softbank" : "[\u30ad\u30e3\u30f3\u30c7\u30a3]"
    },
    "766" : {
      "ezweb" : "766",
      "docomo" : "(\/_\uff3c)",
      "softbank" : "(\/_\uff3c)"
    },
    "767" : {
      "ezweb" : "767",
      "docomo" : "(\u30fb\u00d7\u30fb)",
      "softbank" : "(\u30fb\u00d7\u30fb)"
    },
    "768" : {
      "ezweb" : "768",
      "docomo" : "|(\u30fb\u00d7\u30fb)|",
      "softbank" : "|(\u30fb\u00d7\u30fb)|"
    },
    "769" : {
      "ezweb" : "769",
      "docomo" : "[\u706b\u5c71]",
      "softbank" : "[\u706b\u5c71]"
    },
    "770" : {
      "ezweb" : "770",
      "docomo" : "136",
      "softbank" : "340"
    },
    "771" : {
      "ezweb" : "771",
      "docomo" : "[ABC]",
      "softbank" : "[ABC]"
    },
    "772" : {
      "ezweb" : "772",
      "docomo" : "[\u30d7\u30ea\u30f3]",
      "softbank" : "[\u30d7\u30ea\u30f3]"
    },
    "773" : {
      "ezweb" : "773",
      "docomo" : "[\u30df\u30c4\u30d0\u30c1]",
      "softbank" : "[\u30df\u30c4\u30d0\u30c1]"
    },
    "774" : {
      "ezweb" : "774",
      "docomo" : "[\u3066\u3093\u3068\u3046\u866b]",
      "softbank" : "[\u3066\u3093\u3068\u3046\u866b]"
    },
    "775" : {
      "ezweb" : "775",
      "docomo" : "[\u30cf\u30c1\u30df\u30c4]",
      "softbank" : "[\u30cf\u30c1\u30df\u30c4]"
    },
    "776" : {
      "ezweb" : "776",
      "docomo" : "1058",
      "softbank" : "369"
    },
    "777" : {
      "ezweb" : "777",
      "docomo" : "[\u98db\u3093\u3067\u3044\u304f\u304a\u91d1]",
      "softbank" : "[\u98db\u3093\u3067\u3044\u304f\u304a\u91d1]"
    },
    "778" : {
      "ezweb" : "778",
      "docomo" : "[\u30af\u30e9\u30af\u30e9]",
      "softbank" : "407"
    },
    "779" : {
      "ezweb" : "779",
      "docomo" : "1025",
      "softbank" : "422"
    },
    "780" : {
      "ezweb" : "780",
      "docomo" : "1025",
      "softbank" : "422"
    },
    "781" : {
      "ezweb" : "781",
      "docomo" : "172",
      "softbank" : "475"
    },
    "782" : {
      "ezweb" : "782",
      "docomo" : "(\u00b4\uff13\uff40)",
      "softbank" : "424"
    },
    "783" : {
      "ezweb" : "783",
      "docomo" : "140",
      "softbank" : "87"
    },
    "784" : {
      "ezweb" : "784",
      "docomo" : "106",
      "softbank" : "103"
    },
    "785" : {
      "ezweb" : "785",
      "docomo" : "1031",
      "softbank" : "418"
    },
    "786" : {
      "ezweb" : "786",
      "docomo" : "1031",
      "softbank" : "418"
    },
    "787" : {
      "ezweb" : "787",
      "docomo" : "1027",
      "softbank" : "106"
    },
    "788" : {
      "ezweb" : "788",
      "docomo" : "143",
      "softbank" : "403"
    },
    "789" : {
      "ezweb" : "789",
      "docomo" : "143",
      "softbank" : "403"
    },
    "790" : {
      "ezweb" : "790",
      "docomo" : "1035",
      "softbank" : "419"
    },
    "791" : {
      "ezweb" : "791",
      "docomo" : "1035",
      "softbank" : "419"
    },
    "792" : {
      "ezweb" : "792",
      "docomo" : "1072",
      "softbank" : "404"
    },
    "793" : {
      "ezweb" : "793",
      "docomo" : "[\u30c9\u30ec\u30b9]",
      "softbank" : "325"
    },
    "794" : {
      "ezweb" : "794",
      "docomo" : "[\u30e2\u30a2\u30a4]",
      "softbank" : "[\u30e2\u30a2\u30a4]"
    },
    "795" : {
      "ezweb" : "795",
      "docomo" : "[\u99c5]",
      "softbank" : "57"
    },
    "796" : {
      "ezweb" : "796",
      "docomo" : "[\u82b1\u672d]",
      "softbank" : "[\u82b1\u672d]"
    },
    "797" : {
      "ezweb" : "797",
      "docomo" : "[\u30b8\u30e7\u30fc\u30ab\u30fc]",
      "softbank" : "[\u30b8\u30e7\u30fc\u30ab\u30fc]"
    },
    "798" : {
      "ezweb" : "798",
      "docomo" : "[\u30a8\u30d3\u30d5\u30e9\u30a4]",
      "softbank" : "[\u30a8\u30d3\u30d5\u30e9\u30a4]"
    },
    "799" : {
      "ezweb" : "799",
      "docomo" : "110",
      "softbank" : "103"
    },
    "800" : {
      "ezweb" : "800",
      "docomo" : "1040",
      "softbank" : "201"
    },
    "801" : {
      "ezweb" : "801",
      "docomo" : "[\u30d1\u30c8\u30ab\u30fc]",
      "softbank" : "450"
    },
    "802" : {
      "ezweb" : "802",
      "docomo" : "[EZ\u30e0\u30fc\u30d3\u30fc]",
      "softbank" : "[EZ\u30e0\u30fc\u30d3\u30fc]"
    },
    "803" : {
      "ezweb" : "803",
      "docomo" : "137",
      "softbank" : "339"
    },
    "804" : {
      "ezweb" : "804",
      "docomo" : "1068",
      "softbank" : "535"
    },
    "805" : {
      "ezweb" : "805",
      "docomo" : "1006",
      "softbank" : "[\u30b8\u30fc\u30f3\u30ba]"
    },
    "806" : {
      "ezweb" : "806",
      "docomo" : "1012",
      "softbank" : "103;340"
    },
    "807" : {
      "ezweb" : "807",
      "docomo" : "1042",
      "softbank" : "\u2191\u2193"
    },
    "808" : {
      "ezweb" : "808",
      "docomo" : "1049",
      "softbank" : "\u21d4"
    },
    "809" : {
      "ezweb" : "809",
      "docomo" : "1050",
      "softbank" : "\u2191\u2193"
    },
    "810" : {
      "ezweb" : "810",
      "docomo" : "1052",
      "softbank" : "462"
    },
    "811" : {
      "ezweb" : "811",
      "docomo" : "1059",
      "softbank" : "116"
    },
    "812" : {
      "ezweb" : "812",
      "docomo" : "1067",
      "softbank" : "[\u30ab\u30bf\u30c4\u30e0\u30ea]"
    },
    "813" : {
      "ezweb" : "813",
      "docomo" : "1072",
      "softbank" : "404"
    },
    "814" : {
      "ezweb" : "814",
      "docomo" : "1072",
      "softbank" : "404"
    },
    "815" : {
      "ezweb" : "815",
      "docomo" : "[C\u30e1\u30fc\u30eb]",
      "softbank" : "[C\u30e1\u30fc\u30eb]"
    },
    "816" : {
      "ezweb" : "816",
      "docomo" : "1054",
      "softbank" : "116"
    },
    "817" : {
      "ezweb" : "817",
      "docomo" : "86",
      "softbank" : "16"
    },
    "818" : {
      "ezweb" : "818",
      "docomo" : "123",
      "softbank" : "216"
    },
    "819" : {
      "ezweb" : "819",
      "docomo" : "(^-^)\/",
      "softbank" : "18"
    },
    "820" : {
      "ezweb" : "820",
      "docomo" : "\uff3c(^o^)\uff0f",
      "softbank" : "439"
    },
    "821" : {
      "ezweb" : "821",
      "docomo" : "143",
      "softbank" : "403"
    },
    "822" : {
      "ezweb" : "822",
      "docomo" : "1025",
      "softbank" : "422"
    },
    "823" : {
      "ezweb" : "823",
      "docomo" : "[Java]",
      "softbank" : "[Java]"
    },
    "824" : {
      "ezweb" : "824",
      "docomo" : "[BREW]",
      "softbank" : "[BREW]"
    },
    "825" : {
      "ezweb" : "825",
      "docomo" : "[EZ\u7740\u3046\u305f]",
      "softbank" : "[EZ\u7740\u3046\u305f]"
    },
    "826" : {
      "ezweb" : "826",
      "docomo" : "[EZ\u30ca\u30d3]",
      "softbank" : "[EZ\u30ca\u30d3]"
    },
    "827" : {
      "ezweb" : "827",
      "docomo" : "[WIN]",
      "softbank" : "[WIN]"
    },
    "828" : {
      "ezweb" : "828",
      "docomo" : "[\u30d7\u30ec\u30df\u30a2\u30e0]",
      "softbank" : "[\u30d7\u30ec\u30df\u30a2\u30e0]"
    }
  }
}
